City_ID,City,Lat,Lng,Max Temp,Humidity,Cloudiness,Wind Speed,Country,Date
0,gorontalo,0.5412,123.0595,25.97,85,99,0.79,ID,1699742086
1,atafu village,-8.5421,-172.5159,29.04,73,44,3.57,TK,1699741856
2,bredasdorp,-34.5322,20.0403,16.04,71,49,4.15,ZA,1699742009
3,hawaiian paradise park,19.5933,-154.9731,27.15,79,100,2.06,US,1699741984
4,dunedin,-45.8742,170.5036,17.82,64,62,0.45,NZ,1699741809
5,albany,42.6001,-73.9662,4.09,65,3,4.92,US,1699741874
6,remire-montjoly,4.9167,-52.2667,27.31,82,5,6.2,GF,1699742086
7,grytviken,-54.2811,-36.5092,2.48,94,64,0.22,GS,1699742087
8,taco pozo,-25.6167,-63.2833,33.94,36,30,1.47,AR,1699742087
9,tiksi,71.6872,128.8694,-10.47,92,100,4.7,RU,1699742087
10,port-aux-francais,-49.35,70.2167,2.81,69,8,8.35,TF,1699741820
11,nguigmi,14.2495,13.1092,27.64,27,99,4.64,NE,1699742087
12,adamstown,-25.066,-130.1015,23.08,81,22,5.42,PN,1699741814
13,waitangi,-43.9535,-176.5597,13.23,80,1,3.13,NZ,1699742087
14,riberalta,-10.9833,-66.1,35.11,52,75,0.0,BO,1699742087
15,yellowknife,62.456,-114.3525,0.79,99,75,3.09,CA,1699742087
16,ar rutbah,33.0381,40.2848,19.43,32,89,4.79,IQ,1699742087
17,puerto ayora,-0.7393,-90.3518,27.98,88,73,1.79,EC,1699741839
18,olonkinbyen,70.9221,-8.7187,0.83,88,88,6.09,SJ,1699742087
19,port elizabeth,-33.918,25.5701,18.16,74,20,7.72,ZA,1699741855
20,minas de marcona,-15.2119,-75.1103,15.38,86,75,6.57,PE,1699742088
21,ilulissat,69.2167,-51.1,-6.99,45,100,2.06,GL,1699742088
22,itoman,26.1247,127.6694,20.22,94,75,9.26,JP,1699742088
23,ushuaia,-54.8,-68.3,6.81,61,40,3.58,AR,1699741831
24,sosnogorsk,63.6023,53.8817,-1.37,96,100,3.13,RU,1699742088
25,whitehorse,60.7161,-135.0538,-0.5,89,75,2.68,CA,1699742088
26,zhanaozen,43.3,52.8,6.94,65,7,4.16,KZ,1699742088
27,timimoun,29.2639,0.231,19.21,34,0,1.54,DZ,1699742088
28,new norfolk,-42.7826,147.0587,13.72,61,97,3.34,AU,1699742088
29,valdosta,30.8327,-83.2785,18.95,88,100,5.14,US,1699742088
30,tura,25.5198,90.2201,17.67,88,0,1.74,IN,1699742088
31,cabo san lucas,22.8909,-109.9124,29.23,54,20,3.09,MX,1699741273
32,bilibino,68.0546,166.4372,-30.28,99,23,2.0,RU,1699741811
33,borba,-4.3878,-59.5939,31.02,49,65,0.65,BR,1699742088
34,nemuro,43.3236,145.575,2.54,63,2,7.4,JP,1699742089
35,palmeiras de goias,-16.805,-49.9258,30.3,34,95,2.3,BR,1699742089
36,edinburgh of the seven seas,-37.0676,-12.3116,14.27,82,51,7.68,SH,1699741972
37,wailua homesteads,22.0669,-159.378,27.44,76,40,7.72,US,1699742007
38,hermanus,-34.4187,19.2345,16.25,76,72,3.93,ZA,1699741823
39,thompson,55.7435,-97.8558,1.09,80,75,3.6,CA,1699742089
40,bethel,41.3712,-73.414,9.2,60,100,3.6,US,1699742089
41,isafjordur,66.0755,-23.124,1.38,86,100,2.32,IS,1699742089
42,coquimbo,-29.9533,-71.3436,16.85,72,0,5.66,CL,1699742089
43,belen,36.4891,36.2233,15.22,55,40,1.03,TR,1699742089
44,birao,10.2849,22.7882,25.29,68,74,2.09,CF,1699742089
45,codrington,-38.2667,141.9667,15.03,51,65,6.22,AU,1699741968
46,invercargill,-46.4,168.35,17.79,55,100,7.15,NZ,1699742090
47,bairnsdale,-37.8333,147.6167,15.03,70,3,1.34,AU,1699742090
48,avarua,-21.2078,-159.775,23.03,83,100,4.63,CK,1699741983
49,tsiombe,-25.3,45.4833,20.31,69,0,5.86,MG,1699742062
50,yuzhno-kurilsk,44.0306,145.8556,2.43,80,34,6.74,RU,1699742090
51,saipan,15.1355,145.701,29.39,79,40,8.75,MP,1699742090
52,upata,8.0086,-62.3989,28.44,65,98,1.58,VE,1699742090
53,kidal,18.4411,1.4078,26.08,10,0,4.58,ML,1699742090
54,sumbe,-11.2061,13.8437,24.98,89,100,2.17,AO,1699742090
55,ploudalmezeau,48.5333,-4.65,14.14,94,100,10.8,FR,1699742090
56,norderney,53.7,7.15,8.34,97,21,5.9,DE,1699742090
57,mabaruma,8.2,-59.7833,25.89,84,100,2.3,GY,1699742090
58,jijiga,9.35,42.8,17.19,77,97,3.86,ET,1699742020
59,kone,-21.0595,164.8658,25.49,55,42,3.8,NC,1699742090
60,udachny,66.4167,112.4,-13.06,85,70,7.29,RU,1699742091
61,chachapoyas,-6.2317,-77.869,14.8,94,75,1.55,PE,1699742091
62,ceeldheer,3.8488,47.1806,25.12,88,86,2.63,SO,1699742091
63,ulanhot,46.0833,122.0833,-10.31,65,6,2.57,CN,1699742091
64,zhenlai,45.8495,123.2973,-9.52,59,15,3.09,CN,1699742091
65,stroitel',50.7854,36.4831,6.9,72,75,8.0,RU,1699742091
66,port mathurin,-19.6833,63.4167,24.92,79,9,1.35,MU,1699741991
67,kuala terengganu,5.3302,103.1408,24.97,100,20,1.03,MY,1699742091
68,ad dawadimi,24.5077,44.3924,21.64,27,24,4.13,SA,1699742091
69,blackmans bay,-43.0167,147.3167,13.07,65,100,1.79,AU,1699742091
70,ta`u,-14.2336,-169.5144,27.61,80,36,4.05,AS,1699742091
71,ishikawa,26.4233,127.8214,20.19,88,75,4.63,JP,1699742091
72,urangan,-25.3,152.9,23.55,60,13,4.31,AU,1699742091
73,labrador city,52.9463,-66.9114,-6.05,86,100,5.66,CA,1699741809
74,kristiansund,63.1115,7.732,2.36,69,40,2.06,NO,1699742092
75,puerto natales,-51.7236,-72.4875,5.8,58,62,4.43,CL,1699741946
76,ugoofaaru,5.6667,73.0,27.92,74,85,1.54,MV,1699742092
77,chonchi,-42.6128,-73.8092,8.4,79,66,4.04,CL,1699742092
78,saint-francois,46.4154,3.9054,8.14,99,0,1.03,FR,1699742018
79,saldanha,-33.0117,17.9442,15.03,89,3,4.37,ZA,1699742092
80,broome,42.2506,-75.833,4.83,75,100,3.6,US,1699742092
81,iqaluit,63.7506,-68.5145,-10.15,79,75,7.2,CA,1699742009
82,panambi,-28.2925,-53.5017,22.29,86,57,5.45,BR,1699742092
83,rusk,31.796,-95.1502,16.84,53,100,1.54,US,1699742092
84,qaqortoq,60.7167,-46.0333,-3.19,68,60,3.93,GL,1699741833
85,utrik,11.2278,169.8474,27.32,85,99,8.52,MH,1699742092
86,badger,64.8,-147.5333,-8.86,88,75,2.06,US,1699741827
87,matveyev kurgan,47.5645,38.8695,9.73,53,100,6.86,RU,1699742092
88,padang,-0.9492,100.3543,23.03,89,43,1.12,ID,1699742009
89,san pedro pochutla,15.7333,-96.4667,31.84,69,25,2.28,MX,1699742026
90,lebu,-37.6167,-73.65,9.99,57,24,5.14,CL,1699741958
91,vilhena,-12.7406,-60.1458,29.12,65,40,7.72,BR,1699742093
92,hithadhoo,-0.6,73.0833,27.24,82,59,5.05,MV,1699742093
93,grand falls-windsor,48.9332,-55.6649,1.39,89,100,0.45,CA,1699742093
94,smithers,54.7804,-127.1743,3.18,93,100,1.54,CA,1699742093
95,college,64.8569,-147.8028,-8.82,86,75,2.06,US,1699741831
96,afaahiti,-17.75,-149.2833,29.93,80,69,5.76,PF,1699742093
97,taltal,-25.4,-70.4833,18.36,71,19,2.56,CL,1699741820
98,port alfred,-33.5906,26.891,17.88,85,36,1.34,ZA,1699742093
99,colindres,43.3864,-3.4353,17.28,93,100,3.07,ES,1699742093
100,labytnangi,66.6572,66.4183,-9.09,96,77,2.55,RU,1699742093
101,west island,-12.1568,96.8225,25.99,83,75,3.09,CC,1699742093
102,morristown,36.214,-83.2949,15.03,42,0,1.54,US,1699742070
103,praia da vitoria,38.7333,-27.0667,20.14,83,20,7.77,PT,1699742093
104,newberry,34.2746,-81.6187,10.69,97,100,2.7,US,1699742094
105,kamyzyak,46.11,48.0736,-0.01,100,69,3.0,RU,1699742094
106,stanley,54.868,-1.6985,4.6,95,75,0.51,GB,1699742033
107,goynuk,40.4003,30.7883,15.71,63,100,6.2,TR,1699742094
108,campos dos goytacazes,-21.75,-41.3,26.03,83,0,6.69,BR,1699741890
109,lompoc,34.6391,-120.4579,29.32,25,0,4.63,US,1699742094
110,east london,-33.0153,27.9116,18.65,72,54,7.66,ZA,1699741835
111,mwanga,-4.8,38.2,22.51,95,64,0.72,TZ,1699742094
112,la sarre,48.8002,-79.1996,-4.56,92,100,0.97,CA,1699742094
113,kapuskasing,49.4169,-82.4331,-1.95,93,75,2.06,CA,1699742094
114,novyye lyady,58.0536,56.6039,1.24,93,100,1.37,RU,1699742094
115,quellon,-43.1167,-73.6167,6.81,68,87,7.4,CL,1699742095
116,anadyr,64.75,177.4833,-7.72,84,20,1.79,RU,1699742095
117,alofi,-19.0595,-169.9187,22.94,94,100,7.72,NU,1699741846
118,kedougou,12.5579,-12.1743,27.09,32,15,0.86,SN,1699742095
119,freeport,40.6576,-73.5832,10.98,55,0,6.17,US,1699742095
120,hadibu,12.65,54.0333,26.48,86,100,5.73,YE,1699742095
121,keflavik,64.0049,-22.5624,2.24,87,75,7.2,IS,1699742095
122,miringa,10.7312,12.1463,25.49,26,92,2.17,NG,1699742095
123,shingu,33.7333,135.9833,14.13,72,100,1.11,JP,1699742002
124,hell-ville,-13.4,48.2667,26.71,79,82,4.24,MG,1699742095
125,ivdel',60.6911,60.4206,2.33,91,97,1.34,RU,1699742095
126,margaret river,-33.95,115.0667,13.32,67,36,6.21,AU,1699741807
127,nar'yan-mar,67.6713,53.087,-8.83,95,18,3.13,RU,1699742095
128,port isabel,26.0734,-97.2086,16.15,91,100,7.72,US,1699742057
129,sovetsk,55.0839,21.8785,6.22,93,100,1.35,RU,1699742096
130,pisco,-13.7,-76.2167,22.03,73,0,7.72,PE,1699741829
131,kill devil hills,36.0307,-75.676,15.55,59,100,4.12,US,1699741949
132,namdrik,5.5994,168.1028,27.25,83,100,4.86,MH,1699742096
133,ribeira grande,38.5167,-28.7,20.43,95,100,8.05,PT,1699741986
134,fale old settlement,-9.3852,-171.2468,28.87,74,95,2.82,TK,1699742096
135,viransehir,37.2353,39.7631,16.49,45,100,3.4,TR,1699742096
136,rustam,27.969,68.8048,16.97,31,0,0.69,PK,1699742096
137,ghanzi,-21.5667,21.7833,27.11,25,30,3.73,BW,1699742096
138,aur,8.1499,171.1687,28.03,81,94,6.17,MH,1699742096
139,sultanpur,26.2667,82.0667,19.49,59,0,3.06,IN,1699742096
140,qamdo,31.1667,97.2333,-4.91,61,80,1.37,CN,1699742097
141,tyukhtet,56.5389,89.3011,-2.89,91,100,2.12,RU,1699742097
142,slawno,54.3628,16.6789,5.85,86,97,1.24,PL,1699742097
143,kununurra,-15.7667,128.7333,24.99,88,33,2.06,AU,1699742097
144,sinabang,2.4803,96.3801,26.02,85,100,1.98,ID,1699742097
145,wotho,10.1657,166.0102,27.67,79,99,6.9,MH,1699742097
146,ust-nera,64.5667,143.2,-33.56,98,73,1.58,RU,1699742097
147,marquette,46.5333,-87.6335,2.12,91,99,1.82,US,1699742097
148,baardheere,2.3446,42.2764,25.72,84,96,5.65,SO,1699742097
149,port hedland,-20.3167,118.5667,23.03,88,1,2.57,AU,1699742097
150,kokstad,-30.5472,29.4241,13.73,96,99,1.43,ZA,1699742097
151,yakeshi,49.2833,120.7333,-25.4,100,94,1.89,CN,1699742097
152,rolla,37.9514,-91.7713,15.08,30,0,1.54,US,1699742097
153,papao,-17.75,-149.55,30.82,76,60,5.56,PF,1699742098
154,jesus de otoro,14.4833,-87.9833,27.81,97,63,1.49,HN,1699742098
155,cowra,-33.8333,148.6833,29.04,35,70,4.64,AU,1699742098
156,island harbour,50.724,-1.2758,10.57,87,100,5.36,GB,1699742098
157,tchaourou,8.8865,2.5975,26.61,59,20,2.24,BJ,1699742098
158,kievka,50.2619,71.5514,6.1,79,100,5.14,KZ,1699742098
159,izberbash,42.5696,47.8645,15.05,80,18,1.52,RU,1699742098
160,al bawiti,28.3492,28.8659,20.64,62,92,1.07,EG,1699742098
161,buta,2.7858,24.73,21.08,99,96,0.28,CD,1699742098
162,bac lieu,9.285,105.7244,27.11,82,87,5.48,VN,1699742098
163,morigaon,26.3796,92.3415,18.35,88,0,1.91,IN,1699742098
164,harnai,30.1005,67.9374,14.87,31,65,1.23,PK,1699742098
165,olyokminsk,60.3736,120.4264,-7.38,74,100,5.62,RU,1699742098
166,mount pearl,47.5166,-52.7813,2.3,94,100,8.75,CA,1699742096
167,nouadhibou,20.931,-17.0347,22.99,64,30,5.14,MR,1699742099
168,shetpe,44.1667,52.1167,6.18,64,14,3.23,KZ,1699742099
169,alta sierra,35.7291,-118.5495,14.33,18,7,1.36,US,1699742099
170,hami,42.8,93.45,3.75,27,100,2.22,CN,1699742099
171,susuman,62.7833,148.1667,-33.58,99,81,0.12,RU,1699742031
172,tazovsky,67.4667,78.7,-4.39,96,100,5.32,RU,1699742099
173,jayapura,-2.5333,140.7,27.66,87,100,1.53,ID,1699742099
174,bembereke,10.2283,2.6634,24.49,37,17,0.74,BJ,1699742099
175,jardim,-21.4803,-56.1381,32.96,26,58,2.25,BR,1699742063
176,santo antonio da platina,-23.295,-50.0772,27.31,34,4,1.26,BR,1699742101
177,pangody,65.85,74.4859,0.19,98,100,6.35,RU,1699742023
178,arkhara,49.4212,130.0842,-20.79,98,19,1.52,RU,1699742101
179,machico,32.7,-16.7667,22.06,82,75,3.6,PT,1699742101
180,aasiaat,68.7098,-52.8699,-10.09,80,100,4.71,GL,1699742101
181,lubang,13.8584,120.124,28.36,76,98,10.55,PH,1699742101
182,ancud,-41.8697,-73.8203,7.74,63,36,8.15,CL,1699741969
183,vorgashor,67.5833,63.95,-6.57,97,100,4.42,RU,1699742102
184,new plymouth,-39.0667,174.0833,16.02,59,6,6.56,NZ,1699742102
185,newman,37.3138,-121.0208,22.86,34,57,1.79,US,1699742102
186,chibougamau,49.9168,-74.3659,-4.21,86,100,1.54,CA,1699741947
187,as sulayyil,20.4607,45.5779,19.14,45,11,3.25,SA,1699742103
188,talcahuano,-36.7167,-73.1167,11.82,58,20,6.69,CL,1699742103
189,constitucion,-35.3333,-72.4167,10.76,74,99,4.74,CL,1699742103
190,arno,60.1167,18.6333,5.99,97,41,3.16,SE,1699742104
191,villa ojo de agua,-29.5,-63.6938,26.41,57,0,4.16,AR,1699742104
192,sur,22.5667,59.5289,25.7,54,98,3.11,OM,1699742104
193,vila franca do campo,37.7167,-25.4333,19.93,99,11,3.24,PT,1699742104
194,pont rouge,48.8833,-72.0825,-1.84,86,100,3.45,CA,1699742104
195,nelson bay,-32.7167,152.15,22.78,84,20,1.79,AU,1699742105
196,swift current,50.2834,-107.8014,7.45,61,0,7.2,CA,1699742105
197,oodweyne,9.4092,45.064,22.29,68,99,3.9,SO,1699742105
198,nichinan,31.6,131.3667,14.82,75,100,3.44,JP,1699742105
199,bodaybo,57.8506,114.1933,-20.91,100,77,0.83,RU,1699742106
200,bekobod,40.2208,69.2697,9.83,82,67,2.23,UZ,1699742106
201,noumea,-22.2763,166.4572,25.99,99,21,8.26,NC,1699741809
202,fort frances,48.5999,-93.4003,0.12,82,86,4.63,CA,1699742106
203,khao yoi,13.2403,99.8243,24.21,93,100,2.33,TH,1699742106
204,san antonio de pale,-1.4014,5.6325,26.19,83,100,4.48,GQ,1699742106
205,whistler,50.1164,-122.9695,5.66,81,75,1.54,CA,1699742101
206,las lajitas,-24.6833,-64.25,31.29,38,32,0.63,AR,1699742107
207,kikwit,-5.041,18.8162,21.19,98,99,0.42,CD,1699742107
208,constantia,44.1833,28.65,9.38,62,43,12.08,RO,1699741999
209,estepona,36.4276,-5.1459,17.9,77,99,3.56,ES,1699741847
210,nuku'alofa,-21.1333,-175.2,24.19,78,100,6.69,TO,1699742107
211,paragominas,-2.9667,-47.4833,28.37,53,67,1.47,BR,1699742107
212,iskateley,67.6803,53.1512,-8.88,95,20,3.13,RU,1699742076
213,severo-yeniseyskiy,60.3725,93.0408,-6.9,95,100,0.89,RU,1699742108
214,tefe,-3.3542,-64.7114,30.06,66,20,0.0,BR,1699742108
215,longyearbyen,78.2186,15.6401,-2.09,74,100,9.77,SJ,1699742108
216,alice springs,-23.7,133.8833,26.75,54,4,3.6,AU,1699742108
217,crane,31.3974,-102.3501,14.73,67,78,3.42,US,1699742108
218,vrontados,38.4089,26.1328,20.25,83,100,8.72,GR,1699742108
219,santa teresa,10.2341,-66.6631,24.45,98,100,1.05,VE,1699741841
220,loen,7.7601,168.2307,27.81,82,100,7.52,MH,1699742109
221,forster,-32.1667,152.5167,26.88,65,35,2.85,AU,1699742109
222,tari,12.4086,4.4914,27.0,21,8,1.9,NG,1699742109
223,golden,39.7555,-105.2211,16.27,19,20,7.72,US,1699742109
224,ambovombe,-25.1667,46.0833,19.54,73,0,5.84,MG,1699742109
225,sol'-iletsk,51.1631,54.9918,2.06,89,44,3.95,RU,1699742003
226,carnarvon,-24.8667,113.6333,21.54,75,92,4.28,AU,1699742109
227,talnakh,69.4865,88.3972,-7.66,95,100,4.36,RU,1699742110
228,port lincoln,-34.7333,135.8667,14.6,60,99,6.66,AU,1699742110
229,malmberget,67.1753,20.6549,-8.69,93,98,1.54,SE,1699742110
230,mejit,10.2753,170.8646,28.14,80,100,7.5,MH,1699742110
231,faya-largeau,17.9257,19.1043,26.74,24,95,4.73,TD,1699742110
232,vorkuta,67.5,64.0,-6.16,97,100,4.37,RU,1699742110
233,georgetown,5.4112,100.3354,25.57,97,20,1.03,MY,1699742057
234,san jose del guaviare,2.5729,-72.6459,24.33,96,89,0.95,CO,1699742111
235,rongelap,11.1635,166.8941,27.54,82,92,7.46,MH,1699742111
236,lihue,21.9789,-159.3672,27.77,69,40,7.72,US,1699741846
237,polyarnyy,69.1989,33.4478,-6.66,94,87,3.01,RU,1699742112
238,ubinskoye,55.3068,79.6802,-0.25,96,100,2.74,RU,1699742112
239,walvis bay,-22.9575,14.5053,16.53,82,97,0.0,NA,1699742112
240,queenstown,-31.8976,26.8753,13.59,74,96,2.39,ZA,1699742112
241,kodiak,57.79,-152.4072,2.73,52,75,11.32,US,1699742112
242,callao,-12.0667,-77.15,21.16,73,20,7.72,PE,1699742112
243,avra valley,32.4379,-111.3154,26.12,21,0,2.06,US,1699742113
244,kattivakkam,13.2167,80.3167,27.82,74,88,3.65,IN,1699742113
245,inhambane,-23.865,35.3833,22.1,78,0,5.25,MZ,1699742113
246,san patricio,28.017,-97.5169,16.02,89,100,2.36,US,1699742113
247,marakkanam,12.2,79.95,26.56,71,100,4.63,IN,1699742113
248,bel ombre,-4.6167,55.4167,26.91,83,20,1.54,SC,1699742113
249,krasnoye-na-volge,57.5125,41.2419,3.34,93,100,3.2,RU,1699742114
250,parabel',58.6978,81.4825,1.06,98,100,3.58,RU,1699742114
251,tual,-5.6667,132.75,27.88,79,82,4.57,ID,1699741965
252,thal,35.4791,72.2439,5.92,42,44,3.34,PK,1699742114
253,cill airne,52.05,-9.5167,8.52,93,100,8.31,IE,1699741992
254,klyuchi,52.2667,79.1667,3.94,79,100,5.85,RU,1699742115
255,san rafael,-34.6177,-68.3301,23.85,23,52,1.24,AR,1699742115
256,harar,9.3094,42.1258,16.28,64,73,0.8,ET,1699742115
257,waitara,-38.925,174.25,16.31,61,6,7.25,NZ,1699742115
258,petropavlovsk-kamchatsky,53.0452,158.6483,0.33,98,40,6.0,RU,1699741976
259,zemetchino,53.4973,42.6163,4.3,82,100,5.72,RU,1699742115
260,la ronge,55.1001,-105.2842,2.14,75,75,6.17,CA,1699742115
261,benguela,-12.5763,13.4055,24.99,80,93,1.41,AO,1699742116
262,punta arenas,-53.15,-70.9167,7.06,61,0,7.72,CL,1699741833
263,astrakhan,46.3497,48.0408,-0.07,100,82,3.0,RU,1699742116
264,corning,42.1428,-77.0547,5.27,73,75,3.09,US,1699742116
265,mil'kovo,55.6078,37.7956,4.67,85,100,5.06,RU,1699742117
266,st. john's,47.5649,-52.7093,2.76,94,100,8.75,CA,1699742103
267,balakhta,55.38,91.6,-6.91,89,100,0.47,RU,1699742117
268,tolanaro,-25.0319,46.9987,21.04,78,20,5.14,MG,1699742117
269,port saint john's,-31.6229,29.5448,19.35,80,87,5.14,ZA,1699742117
270,san luis de la loma,17.2706,-100.8939,28.74,76,15,1.67,MX,1699742118
271,kapa'a,22.0752,-159.319,28.18,76,40,7.72,US,1699742118
272,tokar,18.4254,37.729,28.39,68,98,4.9,SD,1699742118
273,papatowai,-46.5619,169.4708,18.07,45,100,5.73,NZ,1699742118
274,belmonte,-15.8631,-38.8828,25.17,79,0,5.5,BR,1699742118
275,enewetak,11.3474,162.3373,28.23,77,70,6.58,MH,1699742118
276,poso,-1.3959,120.7524,26.8,80,76,1.82,ID,1699742119
277,champerico,14.3,-91.9167,34.3,79,18,2.32,GT,1699742013
278,eyl,7.9803,49.8164,26.67,79,92,5.2,SO,1699742119
279,jiaozuo,35.2397,113.2331,2.66,68,0,0.82,CN,1699742119
280,camacupa,-12.0167,17.4833,16.47,89,93,1.44,AO,1699742119
281,xique xique,-10.8217,-42.7311,28.17,40,5,3.5,BR,1699742120
282,punganuru,13.3667,78.5833,16.98,94,90,0.76,IN,1699742120
283,tidjikja,18.5564,-11.4271,23.85,16,0,4.21,MR,1699742120
284,kastamonu,41.5,33.6667,16.87,46,100,7.56,TR,1699742120
285,mana,5.6592,-53.7767,26.71,85,6,5.69,GF,1699742120
286,hasaki,35.7333,140.8333,10.22,82,100,8.0,JP,1699742120
287,altay,47.8667,88.1167,-3.08,80,87,3.1,CN,1699742121
288,kuqa,41.7278,82.9364,5.29,55,39,0.78,CN,1699742121
289,kingston,17.997,-76.7936,31.53,72,40,7.2,JM,1699741962
290,zhatay,62.1594,129.8294,-17.19,85,75,3.13,RU,1699742122
291,colonia general alfredo stroessner,-25.3667,-55.7,28.64,58,54,2.75,PY,1699742123
292,acapulco de juarez,16.8634,-99.8901,28.87,76,6,2.4,MX,1699742124
293,beau vallon,-20.4189,57.6953,23.45,88,40,1.54,MU,1699742124
294,saint-pierre,-21.3393,55.4781,21.82,88,100,3.6,RE,1699742098
295,chiredzi,-21.05,31.6667,21.64,51,44,1.86,ZW,1699742125
296,celle,52.6226,10.0805,8.14,97,100,2.57,DE,1699742125
297,weno,7.4515,151.8468,28.97,84,75,2.06,FM,1699742125
298,ostersund,63.1792,14.6357,-4.75,100,75,3.09,SE,1699741876
299,zaozersk,69.4005,32.4476,-7.35,96,61,2.46,RU,1699742125
300,katsuura,35.1333,140.3,13.17,92,100,6.08,JP,1699741971
301,mersing,2.4312,103.8405,24.95,94,20,2.06,MY,1699742125
302,kruisfontein,-34.0033,24.7314,14.64,76,4,6.68,ZA,1699742046
303,kenai,60.5544,-151.2583,0.05,90,0,1.54,US,1699742126
304,prince rupert,54.3161,-130.3201,7.83,75,75,5.66,CA,1699742126
305,shengli,37.4564,118.4856,0.81,34,0,4.59,CN,1699742126
306,uglegorsk,49.0833,142.0333,-2.45,64,100,6.63,RU,1699742126
307,hamilton,39.1834,-84.5333,9.87,54,0,4.12,US,1699741268
308,santana,-0.0583,-51.1817,30.1,62,0,6.17,BR,1699742126
309,mount gambier,-37.8333,140.7667,14.6,50,6,3.99,AU,1699742011
310,khash,28.2211,61.2158,12.01,27,61,2.01,IR,1699742127
311,khyzy,40.9058,49.0813,8.29,69,26,2.55,AZ,1699742127
312,ust'-kut,56.7938,105.7672,-14.76,93,23,1.34,RU,1699742127
313,khandud,36.9513,72.318,-3.08,56,90,0.59,AF,1699742127
314,vilyuchinsk,52.9306,158.4028,1.07,74,48,15.37,RU,1699742127
315,pachino,36.7186,15.0907,18.08,72,24,6.55,IT,1699742127
316,abbeville,50.1,1.8333,4.98,93,99,2.91,FR,1699742128
317,colonia,50.9333,6.95,6.65,88,40,2.57,DE,1699741832
318,igarka,67.4667,86.5833,-8.06,94,100,6.51,RU,1699742108
319,sinop,41.7711,34.8709,16.85,50,100,5.91,TR,1699742128
320,vernon,50.2581,-119.2691,12.34,53,97,2.57,CA,1699742128
321,horta,38.5333,-28.6333,20.01,95,100,8.05,PT,1699742128
322,namibe,-15.1961,12.1522,21.51,70,70,0.93,AO,1699742129
323,naivasha,-0.7167,36.4359,16.17,93,98,1.07,KE,1699742129
324,zhosaly,45.4878,64.0781,7.41,63,97,7.67,KZ,1699742129
325,bengkulu,-3.8004,102.2655,23.68,93,85,1.55,ID,1699742129
326,pokachi,61.7198,75.3683,0.31,99,100,3.11,RU,1699742129
327,lerwick,60.1545,-1.1494,6.0,73,100,5.45,GB,1699742130
328,dock junction,31.2025,-81.5168,17.0,88,100,5.66,US,1699742130
329,flying fish cove,-10.4217,105.6791,24.82,83,75,4.12,CX,1699742116
330,sao felix do xingu,-6.6447,-51.995,27.24,64,92,1.43,BR,1699742130
331,ust'-kulom,61.6864,53.6902,-0.67,76,90,2.73,RU,1699742130
332,ovalle,-30.5983,-71.2003,21.25,36,20,2.4,CL,1699742130
333,al ghayzah,16.2079,52.176,27.22,68,100,3.6,YE,1699742130
334,truro,50.2653,-5.0544,12.13,80,100,10.8,GB,1699742131
335,jamestown,42.097,-79.2353,4.77,74,0,2.06,US,1699741905
336,caleta de carquin,-11.0925,-77.6267,20.68,79,37,6.08,PE,1699742131
337,portland,45.5234,-122.6762,13.62,85,75,5.66,US,1699741413
338,tofol,5.3248,163.0078,25.88,94,100,1.03,FM,1699742131
339,riachao das neves,-11.7461,-44.91,26.9,33,22,1.69,BR,1699742131
340,serra san bruno,38.5754,16.3244,13.81,90,70,2.9,IT,1699742131
341,taroa,8.7058,171.2275,27.91,83,98,6.46,MH,1699742132
342,bandrele,-12.9067,45.1914,25.86,89,0,1.54,YT,1699742132
343,glace bay,46.1969,-59.957,3.87,80,40,4.12,CA,1699742132
344,makoua,0.0069,15.6333,21.09,98,93,0.8,CG,1699742132
345,monitos,8.25,-76.05,26.6,89,100,2.21,CO,1699742132
346,fisterra,42.9049,-9.2629,17.79,93,87,7.54,ES,1699742132
347,sitka,57.0531,-135.33,5.94,75,75,3.6,US,1699742118
348,albenga,44.0529,8.216,13.37,81,88,1.79,IT,1699742133
349,maintirano,-18.0667,44.0167,25.41,76,36,3.64,MG,1699742133
350,dhekiajuli,26.7,92.5,16.77,79,0,2.39,IN,1699742133
351,howard springs,-12.497,131.047,30.49,67,49,2.83,AU,1699742133
352,st ives,50.2086,-5.4875,11.71,92,100,11.06,GB,1699742133
353,byron bay,-28.65,153.6167,24.28,62,7,4.27,AU,1699742133
354,balykshi,47.0667,51.8667,0.0,93,4,1.0,KZ,1699742134
355,aral,40.5156,81.2636,5.66,39,31,2.32,CN,1699742134
356,san juan,-31.5375,-68.5364,30.39,15,0,5.43,AR,1699742134
357,bratsk,56.1325,101.6142,-12.73,82,7,2.07,RU,1699741883
358,rudsar,37.1376,50.288,17.76,81,81,3.28,IR,1699742134
359,ingeniero guillermo n. juarez,-23.9,-61.85,38.45,25,68,4.1,AR,1699742135
360,coronado,32.6859,-117.1831,29.71,27,20,6.71,US,1699742135
361,nova olimpia,-14.7972,-57.2881,32.79,38,82,2.92,BR,1699742135
362,hotan,37.0997,79.9269,3.6,37,12,0.56,CN,1699742135
363,uturoa,-16.7333,-151.4333,27.18,81,97,4.63,PF,1699742135
364,gadzhiyevo,69.2551,33.3362,-7.48,95,88,3.0,RU,1699742136
365,cole harbour,44.6724,-63.4751,3.31,89,47,3.58,CA,1699742136
366,koryazhma,61.3143,47.1691,-0.05,97,100,2.01,RU,1699742136
367,canico,32.6333,-16.85,22.06,84,75,3.6,PT,1699742136
368,brookings,44.3114,-96.7984,11.14,50,0,2.06,US,1699742049
369,plastun,44.7561,136.2939,-6.96,57,1,3.76,RU,1699742136
370,mokhsogollokh,61.4681,128.9203,-8.76,86,100,4.96,RU,1699742136
371,tuy hoa,13.0833,109.3,24.55,92,100,1.93,VN,1699742137
372,pitimbu,-7.4706,-34.8086,26.33,72,71,5.07,BR,1699742137
373,preobrazheniye,42.9019,133.9064,-5.21,57,1,3.59,RU,1699742137
374,touros,-5.1989,-35.4608,25.62,75,5,5.97,BR,1699742137
375,egyek,47.6333,20.9,6.1,90,100,7.25,HU,1699742137
376,liman,48.9884,37.8023,9.38,52,100,7.12,UA,1699742137
377,briar,32.9951,-97.5428,18.79,57,56,3.23,US,1699742137
378,alesund,62.4723,6.1549,3.75,75,0,3.6,NO,1699742138
379,woolgoolga,-30.1106,153.2007,26.13,66,6,5.36,AU,1699742138
380,ambalangoda,6.2355,80.0538,25.41,87,97,1.59,LK,1699742138
381,rio grande,-32.035,-52.0986,24.06,92,70,3.91,BR,1699741916
382,arraial do cabo,-22.9661,-42.0278,23.63,88,0,10.23,BR,1699742138
383,nanma,36.1817,118.1583,-2.15,55,0,1.7,CN,1699742138
384,fraserburgh,57.6874,-2.0184,4.51,75,87,2.94,GB,1699742138
385,petushki,55.9264,39.461,2.98,89,100,3.33,RU,1699742138
386,nema,57.5067,50.5011,-0.18,78,97,2.45,RU,1699742139
387,marolambo,-20.05,48.1167,18.41,98,100,0.6,MG,1699742139
388,buba,11.5833,-15.0,24.83,73,67,1.61,GW,1699742139
389,retreat,38.8245,-85.8533,9.61,47,4,2.85,US,1699742139
390,petrolina,-9.3986,-40.5008,32.03,27,0,4.63,BR,1699741939
391,marsala,37.7966,12.4352,19.97,77,40,6.17,IT,1699742140
392,robbio,45.2906,8.5911,7.23,66,70,2.11,IT,1699742140
393,colonia menno,-22.3667,-59.8167,40.1,19,33,3.99,PY,1699742140
394,dudinka,69.4058,86.1778,-7.43,96,100,4.02,RU,1699742140
395,chitre,7.9667,-80.4333,24.99,91,100,3.77,PA,1699742140
396,argo,37.6333,22.7333,14.88,73,47,2.27,GR,1699742140
397,sabana grande de boya,18.945,-69.7933,23.14,97,100,1.44,DO,1699742140
398,usinsk,65.9939,57.5281,-4.4,92,100,4.47,RU,1699742094
399,fortuna,40.5982,-124.1573,18.85,62,0,4.12,US,1699742064
400,brak,27.5496,14.2714,21.22,26,0,0.42,LY,1699742141
401,fort bragg,35.139,-79.006,11.57,86,100,2.57,US,1699742141
402,axim,4.8699,-2.2405,25.77,89,30,3.01,GH,1699742141
403,nagqu,31.5,92.0,-6.01,52,100,4.92,CN,1699742141
404,kovalam,8.3667,76.9967,27.05,89,40,1.54,IN,1699742142
405,soto la marina,23.7667,-98.2167,18.32,82,100,3.26,MX,1699742142
406,sertania,-8.0736,-37.2644,24.45,53,34,6.6,BR,1699742142
407,kuraymah,18.55,31.85,29.14,22,15,1.36,SD,1699742142
408,mitchell,43.7094,-98.0298,12.99,35,0,0.0,US,1699742079
409,ixtapa,20.7,-105.2,29.57,74,75,4.12,MX,1699741967
410,owensboro,37.7742,-87.1133,12.03,43,23,3.22,US,1699742101
411,playa blanca,28.8643,-13.8281,22.11,87,56,6.98,ES,1699742142
412,kassala,15.451,36.4,28.08,48,86,3.87,SD,1699742142
413,santa barbara,34.7333,-120.0343,24.31,6,0,3.09,US,1699741855
414,kargil,34.5667,76.1,-0.9,52,5,0.7,IN,1699742143
415,dhidhdhoo,6.8833,73.1,27.6,76,100,2.29,MV,1699742143
416,south hedland,-20.4089,118.5983,22.96,88,1,2.57,AU,1699742143
417,tosontsengel,48.7567,98.2839,-24.08,83,44,0.13,MN,1699742143
418,menaka,15.9182,2.4022,27.75,10,56,5.24,ML,1699742143
419,acajutla,13.5928,-89.8275,27.24,86,42,1.74,SV,1699742144
420,tamanrasset,22.785,5.5228,19.95,12,0,4.12,DZ,1699742144
421,kafarati,10.383,11.0957,25.57,24,87,3.16,NG,1699742014
422,pacific grove,36.6177,-121.9166,23.47,58,0,2.24,US,1699742144
423,nadi,-17.8,177.4167,30.0,58,40,2.57,FJ,1699742144
424,mar del plata,-38.0023,-57.5575,24.01,63,0,3.09,AR,1699741913
425,rikaze,29.25,88.8833,-1.9,59,3,1.7,CN,1699742144
426,sungjibaegam,41.2428,128.7989,-12.68,53,0,2.12,KP,1699742144
427,el granada,37.5027,-122.4694,24.02,64,0,6.17,US,1699742144
428,luanda,-8.8368,13.2343,26.0,83,20,3.09,AO,1699742145
429,qa'en,33.7265,59.1844,9.07,59,0,0.78,IR,1699742145
430,dawson creek,55.7666,-120.2362,5.8,56,75,5.14,CA,1699741950
431,bayanaul,50.7889,75.6956,5.38,76,100,6.05,KZ,1699742145
432,paradip garh,20.3167,86.6167,22.38,69,6,3.39,IN,1699742145
433,porto novo,6.4965,2.6036,28.9,86,10,2.93,BJ,1699742145
434,zaragoza,41.6561,-0.8773,20.25,57,0,10.29,ES,1699741949
435,itoigawa,37.0333,137.85,9.79,75,99,2.77,JP,1699742146
436,kangding,30.0513,101.9603,5.89,92,90,1.23,CN,1699742146
437,nova vicosa,-17.8919,-39.3719,25.49,77,2,7.29,BR,1699742146
438,ak-dovurak,51.1833,90.6,-14.38,96,90,0.45,RU,1699742146
439,neryungri,56.6709,124.6491,-11.23,76,79,4.68,RU,1699742146
440,brisas de zicatela,15.8369,-97.0419,30.29,48,40,4.12,MX,1699742147
441,el calafate,-50.3408,-72.2768,6.42,58,93,4.9,AR,1699742148
442,basse santa su,13.31,-14.2137,27.4,37,99,1.49,GM,1699742148
443,kabare,-2.4683,28.8242,17.23,99,100,1.06,CD,1699742148
444,santa maria la alta,18.6,-97.6667,20.38,48,0,6.46,MX,1699742148
445,lazaro cardenas,17.9583,-102.2,28.65,74,5,2.55,MX,1699741930
446,xining,36.6167,101.7667,-3.05,56,44,0.45,CN,1699742025
447,buka,40.8108,69.1986,10.56,76,98,1.25,UZ,1699742149
448,at-bashi,41.1702,75.8106,-3.42,64,92,1.18,KG,1699742149
449,kharagpur,22.3333,87.3333,20.44,64,0,2.68,IN,1699742149
450,nova sintra,14.8667,-24.7167,22.81,70,58,3.79,CV,1699742102
451,taber,49.8167,-112.1518,12.0,39,13,19.03,CA,1699742130
452,pollock pines,38.7613,-120.5866,17.64,50,0,2.06,US,1699742150
453,ola,59.5833,151.2833,-17.32,80,24,4.39,RU,1699742029
454,taoudenni,22.6783,-3.9836,26.15,16,0,4.21,ML,1699742150
455,tommot,58.9564,126.2925,-7.53,91,100,6.36,RU,1699742150
456,zheleznodorozhnyy,55.7503,38.0042,4.29,83,100,4.02,RU,1699742150
457,wuhan,30.5833,114.2667,6.05,75,85,5.98,CN,1699742150
458,tadine,-21.55,167.8833,23.94,62,78,9.55,NC,1699742150
459,barabinsk,55.3571,78.357,0.92,95,99,3.32,RU,1699741997
460,pithoragarh,29.5833,80.2167,6.47,69,0,1.45,IN,1699742150
461,berdigestyakh,62.0989,126.6992,-9.16,91,100,5.06,RU,1699742073
462,kargat,55.1956,80.2811,0.27,95,100,2.66,RU,1699742151
463,suez,29.9737,32.5263,22.59,65,93,2.76,EG,1699742151
464,juneau,58.3019,-134.4197,5.0,95,100,4.63,US,1699742127
465,metlili chaamba,32.2667,3.6333,19.52,32,0,0.0,DZ,1699742151
466,lata,40.1629,-8.3327,17.82,98,98,3.47,PT,1699742151
467,rybnaya sloboda,55.4613,50.1409,1.28,73,81,2.7,RU,1699742151
468,simpang,-1.2667,104.0833,24.0,93,17,0.9,ID,1699742151
469,quzhou,28.9594,118.8686,12.0,96,100,1.79,CN,1699742152
470,isangel,-19.55,169.2667,24.91,67,14,7.92,VU,1699742152
471,capinopolis,-18.6819,-49.5697,32.8,21,67,0.56,BR,1699742152
472,tuba city,36.135,-111.2399,15.77,25,0,1.34,US,1699742152
473,magadan,59.5667,150.8,-17.64,79,5,3.65,RU,1699742152
474,ebon,4.582,168.6964,27.76,81,98,4.76,MH,1699742152
475,yanqul,23.5905,56.5501,21.27,38,88,1.03,OM,1699742152
476,sola,-13.8833,167.55,26.42,80,97,11.59,VU,1699742152
477,urzhar,47.093,81.6294,5.15,73,100,1.83,KZ,1699742153
478,rethymno,35.3647,24.4714,20.79,85,85,4.07,GR,1699742153
479,christchurch,-43.5333,172.6333,23.63,45,82,2.06,NZ,1699742153
480,naze,28.3667,129.4833,15.51,84,99,5.63,JP,1699742153
481,floro,61.5996,5.0328,5.54,70,26,4.12,NO,1699742153
482,luderitz,-26.6481,15.1594,17.46,61,0,9.38,NA,1699742125
483,monze,-16.2833,27.4833,20.45,51,45,2.11,ZM,1699742153
484,montoro,38.0241,-4.3834,17.94,87,100,1.33,ES,1699742153
485,altai,46.3722,96.2583,-9.66,62,100,1.03,MN,1699742153
486,sosenskiy,54.059,35.9623,4.08,85,100,6.23,RU,1699742153
487,an nuhud,12.7,28.4333,28.9,44,93,2.34,SD,1699742153
488,bathsheba,13.2167,-59.5167,26.34,94,40,7.2,BB,1699742153
489,ha'il,27.5219,41.6907,16.01,51,0,1.03,SA,1699742153
490,schiffdorf,53.5333,8.65,7.3,94,15,2.16,DE,1699742154
491,yokadouma,3.5167,15.05,21.76,98,100,0.09,CM,1699742154
492,sawakin,19.1059,37.3321,28.27,72,75,1.26,SD,1699742154
493,nuuk,64.1835,-51.7216,-5.66,73,34,4.12,GL,1699742082
494,filadelfia,39.9523,-75.1638,12.3,50,100,3.09,US,1699741954
495,tongouson,5.0214,120.1328,27.91,77,49,1.87,PH,1699742154
496,hit,33.6416,42.8251,22.01,34,98,2.65,IQ,1699742154
497,usogorsk,63.4106,48.6872,0.37,96,99,1.88,RU,1699742154
498,lupiro,-8.3833,36.6667,23.51,87,85,2.59,TZ,1699742154
499,hwado,37.6525,127.3075,-0.51,50,0,1.68,KR,1699742154
500,idrinskoye,54.3708,92.1358,-9.47,94,100,1.22,RU,1699742154
501,slavyanka,42.8633,131.3847,-4.09,49,1,4.37,RU,1699742154
502,ulan bator,47.9077,106.8832,-18.93,71,4,1.0,MN,1699741869
503,kuanda,56.3161,116.0806,-17.49,95,85,0.39,RU,1699742117
504,karratha,-20.7377,116.8463,23.6,55,3,5.11,AU,1699742155
505,san andres,12.5847,-81.7006,27.01,94,20,2.57,CO,1699742155
506,sao joao da barra,-21.6403,-41.0511,26.05,89,2,7.65,BR,1699742155
507,sao tome,0.3365,6.7273,26.32,83,100,2.23,ST,1699742155
508,daru,-9.0763,143.2092,27.0,66,98,4.49,PG,1699742155
509,kudymkar,59.0173,54.656,-0.77,90,53,1.9,RU,1699742155
510,greymouth,-42.4667,171.2,15.03,63,100,2.88,NZ,1699742115
511,saint-philippe,-21.3585,55.7679,21.77,85,28,4.72,RE,1699742155
512,howrah,22.5892,88.3103,22.0,88,0,1.54,IN,1699742155
513,kurchatov,51.6601,35.6521,7.45,69,100,7.99,RU,1699742156
514,lodja,-3.4833,23.4333,20.92,98,98,0.71,CD,1699742156
515,avila,40.5833,-5.0,12.03,88,100,4.34,ES,1699742156
516,chadron,42.8294,-102.9999,14.82,18,0,4.12,US,1699742156
517,harper,4.375,-7.7169,25.53,88,42,2.86,LR,1699742156
518,izbiceni,43.8333,24.65,8.34,68,6,11.13,RO,1699742156
519,westport,41.1415,-73.3579,10.44,59,0,3.09,US,1699742156
520,salinopolis,-0.6136,-47.3561,27.57,74,8,6.55,BR,1699742156
521,pathein,16.7833,94.7333,24.18,88,43,1.5,MM,1699742156
522,neijiang,29.5835,105.0622,12.57,90,100,6.12,CN,1699742101
523,jackson,42.4165,-122.8345,15.01,63,0,1.34,US,1699742156
524,cabedelo,-6.9811,-34.8339,26.37,72,68,5.86,BR,1699742156
525,corralejo,28.7424,-13.8684,22.06,86,58,6.45,ES,1699742156
526,xilin hot,43.9667,116.0333,-16.95,94,65,1.31,CN,1699742157
527,carolina beach,34.0352,-77.8936,12.04,94,100,1.34,US,1699742157
528,linxia chengguanzhen,35.6003,103.2064,-2.37,48,71,0.84,CN,1699742157
529,kita,13.0349,-9.4895,25.86,27,78,0.46,ML,1699742157
530,tevriz,57.509,72.4042,0.12,99,100,0.69,RU,1699742157
531,ghat,24.9647,10.1728,20.7,19,0,2.73,LY,1699742157
532,yantzaza,-3.8278,-78.7594,22.06,94,44,0.17,EC,1699742157
533,tamalous,36.8376,6.6402,16.41,63,41,3.57,DZ,1699742157
534,urengoy,65.9667,78.3667,0.71,93,100,7.25,RU,1699742157
535,agadez,19.75,10.25,23.31,15,30,3.57,NE,1699742157
536,novyy urgal,51.0736,132.5642,-16.86,94,34,0.33,RU,1699742157
537,strathalbyn,-35.2667,138.9,14.39,76,94,4.13,AU,1699742158
538,strelka,58.0728,93.0344,-6.0,93,100,1.39,RU,1699742158
539,antofagasta,-23.65,-70.4,18.6,71,22,4.43,CL,1699741564
540,zimatlan de alvarez,16.8667,-96.7833,26.14,31,75,5.66,MX,1699742158
541,smidovich,48.6,133.8167,-17.95,94,11,3.31,RU,1699742158
542,tralee,52.2704,-9.7026,8.27,91,100,8.69,IE,1699742158
543,margate,51.3813,1.3862,6.61,72,80,2.92,GB,1699741992
544,uliastay,47.7417,96.8444,-12.78,60,100,2.97,MN,1699742158
545,ascension,30.2169,-90.9001,19.47,88,100,2.68,US,1699742158
546,kuzhener,56.8111,48.9128,0.45,94,100,3.0,RU,1699742158
547,itupiranga,-5.1347,-49.3267,27.18,66,70,0.11,BR,1699742158
548,guilin,25.2819,110.2864,12.06,82,100,5.28,CN,1699742158
549,lau,9.2167,11.2833,27.25,51,79,0.86,NG,1699742158
550,campos belos,-13.0367,-46.7717,30.76,24,48,1.54,BR,1699742159
551,puerto baquerizo moreno,-0.9,-89.6,26.55,69,40,5.66,EC,1699742159
552,ngala,12.3377,14.1805,28.02,39,64,4.69,NG,1699742159
553,ulladulla,-35.35,150.4667,20.66,59,82,1.91,AU,1699742159
554,sakakah,29.9697,40.2064,19.76,28,84,2.96,SA,1699742159
555,birjand,32.8663,59.2211,7.26,45,0,2.06,IR,1699742159
556,timmins,48.4669,-81.3331,-2.1,86,100,1.54,CA,1699741945
557,arawa,-6.2132,155.5367,29.21,69,100,2.25,PG,1699742159
558,cadale,2.7603,46.3222,25.91,85,92,2.7,SO,1699742017
559,andergrove,-21.0833,149.1833,25.36,64,61,6.36,AU,1699742159
560,qorovulbozor,39.5006,64.7936,3.84,47,0,2.09,UZ,1699742159
561,burutu,5.3509,5.5076,26.07,86,67,2.87,NG,1699742160
562,buedu,8.2803,-10.3719,21.87,98,100,0.86,SL,1699742160
563,manicore,-5.8092,-61.3003,29.54,56,94,1.25,BR,1699742160
564,magistral'nyy,56.1725,107.4458,-12.57,94,26,1.41,RU,1699742160
565,jalai nur,49.45,117.7,-16.55,87,9,2.62,CN,1699742160
566,qala i naw,34.9874,63.1289,8.85,68,0,0.39,AF,1699742160
567,soderhamn,61.3037,17.0592,1.64,96,100,5.4,SE,1699742160
568,traunreut,47.9627,12.5923,4.12,76,70,0.89,DE,1699742161
569,sacalaz,45.7583,21.1122,8.13,88,75,8.23,RO,1699742161
570,mugia,43.1041,-9.2179,17.87,93,87,8.09,ES,1699742161
571,yaren,-0.5472,166.916,28.37,85,100,13.88,NR,1699742155
572,chaihe,44.7667,129.7,-20.39,99,75,2.34,CN,1699742161
573,bosaso,11.2842,49.1816,27.0,80,95,2.01,SO,1699742161
574,banda aceh,5.5577,95.3222,26.47,81,100,1.51,ID,1699742161
575,torrington,41.8007,-73.1212,6.69,66,17,3.13,US,1699742161
576,wynyard,-41.0,145.7167,13.1,61,60,6.13,AU,1699742162
577,puerto lempira,15.2667,-83.7667,26.08,89,40,2.57,HN,1699742162
578,klaksvik,62.2266,-6.589,3.51,65,97,5.76,FO,1699742162
